005eb5221d8e36ef5f3ead44a8fd36cdf185296fbd2d8c97a5ad7a595ee95f2c.exe, 0
06302467fc91a5e6868a0dccb821b81d20936208a248c40278e4e1337a71b98c.exe, 0
083d7eee4ed40a3e5a35675503b0b6be0cb627b4cb1009d185a558a805f64153.exe, 0
091e3fb2c141c66c5c6ef8c2a016f3d45397e7f9e47d36a844e44f8e45b8872b.exe, 0
12c794c6b451c461c0cc4e35486a42673b9297115fbd7ad35840901033c84493.exe, 0
20082aa8317dcebb64a3c30341d521c0dbc9a2e62a5acca237e1b8c4ce1f22ea.exe, 0
445a55f65e36a665c4382bd7c5e6547e317b11753d623317c6efb5ffda705f66.exe, 0
455e2e7b43377f1adb9bc77717002ff18e85f7f0001dbe3821b93e077b5f6e51.exe, 0
5d94b98f128246acd62d69a0811c883f2e5d7847f16311ba96ebdf0e2d80972a.exe, 0
63ae8dd8e41260123e8c98905bd3d444bed86aea6353f690483e5cb116433ac2.exe, 0
64ab84e328e0efd2056e6ff60d5ba2618b89871cd94d72e9ae74a810d3ac3ee0.exe, 0
7213bac18f9139daa424267e62377f9563bfff79ebd169ca0c5f812cf9b16fd7.exe, 0
75afc827daf5e83ef033e092f8afd8e07f84f191e8d6246a72f6bdf577dc766a.exe, 0
82fd31ecb85382babad44172fd22eeff76990eb2f16bb53b2b03964e4cce2d00.exe, 0
882c0f10c75e64ec39d257a131fcd531f47dd2cff2070ae94baa347d375126fd.exe, 0
914a2432986a94ea4727fadc1e9d216119c09b2628a320108db387849e7bbff4.exe, 0
978da521c0604d7121d9a83ad0605cba3b55d9823fd327977cd6104a6889d856.exe, 0
ac8fc61122587dee5e6564199b7a90930fd703ab90b09f55137772d0db7a155b.exe, 0
b180bddb25bb94713fd720528744079d3a5e076d21e95c2573c08322534a0ecc.exe, 0
bea5da8b6487dac6e0c7ab5a4c6f0dc0c2b89d6870199dc6f75ae425bde896a6.exe, 0
bee7a650259df06c14ba29b9fd46ac3f3ff79c3f167e17eabbeae7a0f7dd02ed.exe, 0
c8790269e85dc835f9bfc9aaa2b1aab0205d310826c315166161a7df553f53d1.exe, 0
e0767b7a263a6fb77777b0e8ac0c52a7bed11185d1f3341d8d54dd1a51954a36.exe, 0
e31fcc49c4c649f25536c433cef0ef876d7c44ee694ac2e9f8a59591b013072a.exe, 0
ed2a72750216c85a621235f5add30be27e6d175a00dde81718d90bef5da6b6eb.exe, 0
ee5711a2cbf56698cb8d69cbd216c155e916613b2739cba3338f00ad542c2d1e.exe, 0
f9cd4a0f97eef77cc499a1ab9e3384c8ac42a44b58935b04f7e5c65a41fdd7c0.exe, 0
VirusShare_002485852df093134f18288492ea1a59.exe, 1
VirusShare_0032469d1f8ca921f1f14ec04ef0b209.exe, 1
VirusShare_003e845bdcc5367220bf13f7170da16f.exe, 1
VirusShare_00c28cee9c6874302982045b5faff846.exe, 1
VirusShare_00c9833a35b0a8bd957dd85c41fce5b9.exe, 1
VirusShare_00e6af8a522259b83fa317b7a2f8f161.exe, 1
VirusShare_010025ab068e4744a644d1ad29e981a1.exe, 1
VirusShare_014a9cb92514e27c0107614df764bc06.exe, 1
VirusShare_01652609d8c786fe8b39c7aded8b8fdf.exe, 1
VirusShare_017bea72340e230c96dbbcac36031fa2.exe, 1
VirusShare_01aa11d5a865a9c34270b56e5a542a86.exe, 1
VirusShare_01ae30f6635fc661a7f3a4995962e83f.exe, 1
VirusShare_01db10a317194fe7c94a58fae14f787c.exe, 1
VirusShare_025b4b9aca99afefe9d6cf56dafff2d5.exe, 1
VirusShare_02b94f96e0f1bc9189b756edd8b64318.exe, 1
VirusShare_02cf380fa8ff92dc6e74eaf188575f3e.exe, 1
VirusShare_02fb8545f6940114e4d5c10ed777a04c.exe, 1
VirusShare_03201a9f9c06e42159d98ccf2719d8af.exe, 1
VirusShare_03293998201d247667682f3410a88b3d2f1129dccfe32cefbbd7cd6f7e7e2bf0.exe, 1
VirusShare_035c26c52bb1ead2ddea66b9f0ec9261.exe, 1
VirusShare_0380643698ce56a7f614021b0856c5d5.exe, 1
VirusShare_03831a13d480daed3d2b63201cb6bcc5.exe, 1
VirusShare_03afa50e65d91e5e0321329c17ae4604efc00292d89084468f0c2ffdea18ebb8.exe, 1
